system,recall@10,precision@10,ndcg@10
content,0.030710478160553743,0.0030710478160553742,0.014805219252861592
als,0.0003978357733927435,3.9783577339274344e-05,0.00022089447541353974
mf,0.0032619937942557084,0.0003261993794255709,0.002344434139367235
ncf,0.00015912164850027846,1.5912164850027847e-05,6.48790577441108e-05
hybrid,0.03818919564006683,0.003818919564006683,0.021750796226029243
