system,recall@10,precision@10,ndcg@10
content,0.0,0.0,0.0
als,0.0006365372374283895,6.365372374283896e-05,0.0002531898177376904
mf,0.003818919564006683,0.0003818919564006684,0.002532501977249297
ncf,7.956082425013923e-05,7.956082425013924e-06,2.8340137410137813e-05
hybrid,0.0,0.0,0.0
